City_ID,City,Lat,Lng,Max Temp,Humidity,Cloudiness,Wind Speed,Country,Date
0,Hilo,19.7297,-155.09,75.2,64,1,9.22,US,2021-04-03 03:15:38
1,Punta Arenas,-53.15,-70.9167,44.6,93,90,12.66,CL,2021-04-03 03:12:20
2,Hobart,-42.8794,147.3294,87.8,12,0,23.02,AU,2021-04-03 03:15:18
3,Trapani,37.8333,12.6667,64.0,82,0,4.61,IT,2021-04-03 03:17:09
4,Mataura,-46.1927,168.8643,62.01,57,98,10.0,NZ,2021-04-03 03:15:07
5,Bubaque,11.2833,-15.8333,75.38,81,43,13.62,GW,2021-04-03 03:15:40
6,Castro,-24.7911,-50.0119,53.67,96,0,4.5,BR,2021-04-03 03:15:22
7,Columbus,39.9612,-82.9988,35.6,55,1,1.74,US,2021-04-03 03:21:16
8,Cumra,37.5732,32.7745,33.8,86,5,6.91,TR,2021-04-03 03:21:38
9,Port Hardy,50.6996,-127.4199,46.4,65,75,8.05,CA,2021-04-03 03:15:17
10,Pochutla,15.7432,-96.4661,82.0,73,0,2.04,MX,2021-04-03 03:16:45
11,Patitirion,39.15,23.8667,59.0,82,0,5.75,GR,2021-04-03 03:21:39
12,Albany,42.6001,-73.9662,30.99,57,28,5.61,US,2021-04-03 03:14:41
13,Kushmurun,52.4503,64.6311,25.03,80,100,9.15,KZ,2021-04-03 03:21:39
14,Puerto Ayora,-0.7393,-90.3518,77.0,93,72,0.47,EC,2021-04-03 03:15:28
15,Sitka,57.0531,-135.33,33.8,93,90,0.51,US,2021-04-03 03:16:11
16,Grand Gaube,-20.0064,57.6608,82.0,75,13,5.01,MU,2021-04-03 03:15:13
17,Busselton,-33.65,115.3333,71.01,69,50,3.0,AU,2021-04-03 03:15:07
18,Jamestown,42.097,-79.2353,26.6,74,1,11.5,US,2021-04-03 03:15:19
19,Roma,43.2128,-75.4557,27.0,50,1,4.63,US,2021-04-03 03:18:03
20,Jiexiu,37.0244,111.9125,51.46,60,97,10.29,CN,2021-04-03 03:21:40
21,Vila Franca Do Campo,37.7167,-25.4333,60.8,94,75,18.41,PT,2021-04-03 03:16:29
22,Carnarvon,-24.8667,113.6333,86.0,70,67,16.11,AU,2021-04-03 03:15:51
23,Aripuana,-9.1667,-60.6333,71.44,95,96,2.15,BR,2021-04-03 03:21:40
24,Asyut,27.181,31.1837,48.2,66,0,8.05,EG,2021-04-03 03:21:40
25,Rikitea,-23.1203,-134.9692,77.5,74,82,9.01,PF,2021-04-03 03:15:08
26,Luderitz,-26.6481,15.1594,69.12,47,4,15.26,NA,2021-04-03 03:17:07
27,Lagoa,39.05,-27.9833,60.51,84,100,32.37,PT,2021-04-03 03:15:46
28,San Patricio,28.017,-97.5169,61.0,72,40,6.91,US,2021-04-03 03:15:24
29,Talnakh,69.4865,88.3972,-7.69,80,12,6.82,RU,2021-04-03 03:17:11
30,Kapaa,22.0752,-159.319,73.99,78,75,12.66,US,2021-04-03 03:15:29
31,Kaeo,-35.1,173.7833,72.0,70,6,8.99,NZ,2021-04-03 03:20:34
32,Tilichiki,60.4667,166.1,16.47,71,93,14.05,RU,2021-04-03 03:15:11
33,Port Hedland,-20.3167,118.5667,98.6,18,19,16.11,AU,2021-04-03 03:16:14
34,Ushuaia,-54.8,-68.3,44.6,87,90,20.71,AR,2021-04-03 03:13:09
35,Loksa,59.5764,25.7214,37.99,93,90,5.75,EE,2021-04-03 03:21:41
36,Comodoro Rivadavia,-45.8667,-67.5,53.6,94,0,7.76,AR,2021-04-03 03:21:41
37,Magole,-6.3667,37.3667,71.6,94,75,2.39,TZ,2021-04-03 03:21:42
38,Tuatapere,-46.1333,167.6833,62.01,57,100,10.0,NZ,2021-04-03 03:15:28
39,Soe,-9.8607,124.284,67.75,97,100,2.21,ID,2021-04-03 03:21:42
40,Polunochnoye,60.8697,60.4153,28.67,97,100,3.13,RU,2021-04-03 03:21:42
41,Yellowknife,62.456,-114.3525,5.0,78,90,9.22,CA,2021-04-03 03:13:25
42,Pueblo Bello,8.2041,-76.526,75.38,94,100,0.69,CO,2021-04-03 03:21:42
43,Tessalit,20.1986,1.0114,73.02,9,13,10.02,ML,2021-04-03 03:15:40
44,Khokhlovo,59.1492,37.3998,23.0,100,67,1.68,RU,2021-04-03 03:21:43
45,Bud,39.447,-86.1758,39.2,45,1,6.91,US,2021-04-03 03:20:48
46,Grindavik,63.8424,-22.4338,42.8,93,90,26.46,IS,2021-04-03 03:21:43
47,Mar Del Plata,-38.0023,-57.5575,66.99,88,20,5.75,AR,2021-04-03 03:13:46
48,Orotukan,62.2667,151.7,8.64,76,13,3.13,RU,2021-04-03 03:21:43
49,Ribeira Grande,38.5167,-28.7,61.12,87,100,31.14,PT,2021-04-03 03:15:26
50,Norman Wells,65.282,-126.8329,12.2,52,75,5.75,CA,2021-04-03 03:16:10
51,Pevek,69.7008,170.3133,-3.64,85,13,4.0,RU,2021-04-03 03:15:30
52,Bredasdorp,-34.5322,20.0403,46.4,93,98,4.61,ZA,2021-04-03 03:15:17
53,Hovd,48.0056,91.6419,35.1,21,0,1.5,MN,2021-04-03 03:21:44
54,Chifeng,42.2683,118.9636,45.14,18,89,18.3,CN,2021-04-03 03:21:44
55,Bambous Virieux,-20.3428,57.7575,82.0,89,40,10.36,MU,2021-04-03 03:16:34
56,Victoria,22.2855,114.1577,87.01,62,9,5.01,HK,2021-04-03 03:12:10
57,Gat,31.61,34.7642,51.01,84,25,5.01,IL,2021-04-03 03:21:44
58,Santa Flavia,38.085,13.5351,59.0,64,92,4.0,IT,2021-04-03 03:21:45
59,Vila Velha,-20.3297,-40.2925,71.6,94,90,4.61,BR,2021-04-03 03:16:51
60,Lundazi,-12.2929,33.1782,60.48,97,96,5.66,ZM,2021-04-03 03:21:45
61,Polyanka,50.2584,27.6881,33.37,76,76,4.14,UA,2021-04-03 03:21:45
62,Bluff,-46.6,168.3333,62.01,57,100,10.0,NZ,2021-04-03 03:15:11
63,Ahmadpur Sial,30.6754,71.7483,69.8,52,0,7.47,PK,2021-04-03 03:21:45
64,Belaya Gora,68.5333,146.4167,10.53,81,99,2.91,RU,2021-04-03 03:21:46
65,Quatre Cocos,-20.2078,57.7625,82.0,89,40,10.36,MU,2021-04-03 03:16:53
66,Husavik,66.0449,-17.3389,44.6,61,0,26.46,IS,2021-04-03 03:16:27
67,Saskylakh,71.9167,114.0833,-17.55,94,79,3.71,RU,2021-04-03 03:15:25
68,Diu,20.7141,70.9822,80.31,57,29,4.88,IN,2021-04-03 03:21:46
69,Manama,26.2154,50.5832,80.6,29,0,3.44,BH,2021-04-03 03:21:46
70,Hermanus,-34.4187,19.2345,60.01,76,96,1.99,ZA,2021-04-03 03:15:16
71,Ancud,-41.8697,-73.8203,52.0,90,30,5.01,CL,2021-04-03 03:15:18
72,Chanika,-5.4167,38.0167,66.27,98,99,2.55,TZ,2021-04-03 03:21:47
73,Seoul,37.5683,126.9778,59.0,94,90,8.05,KR,2021-04-03 03:21:47
74,Korla,41.7597,86.1469,51.3,26,100,20.11,CN,2021-04-03 03:16:56
75,Bourges,47.25,2.4167,41.0,75,0,14.97,FR,2021-04-03 03:21:47
76,Tuktoyaktuk,69.4541,-133.0374,-11.2,70,75,4.61,CA,2021-04-03 03:16:23
77,Birao,10.2849,22.7882,79.79,14,98,9.53,CF,2021-04-03 03:21:48
78,Vao,-22.6667,167.4833,74.48,90,100,27.16,NC,2021-04-03 03:16:28
79,Saint George,37.1041,-113.5841,75.99,15,1,6.91,US,2021-04-03 03:15:12
80,Sao Filipe,14.8961,-24.4956,72.73,71,86,10.07,CV,2021-04-03 03:16:00
81,Lebu,-37.6167,-73.65,53.78,92,18,15.43,CL,2021-04-03 03:16:15
82,Thaba Nchu,-29.2093,26.839,50.0,87,1,6.91,ZA,2021-04-03 03:21:48
83,Ponta Do Sol,32.6667,-17.1,57.99,62,10,1.99,PT,2021-04-03 03:15:18
84,Narsaq,60.9167,-46.05,35.6,87,90,2.3,GL,2021-04-03 03:17:12
85,Khatanga,71.9667,102.5,-8.7,83,10,6.67,RU,2021-04-03 03:15:47
86,Iranshahr,27.2025,60.6848,75.2,14,0,6.91,IR,2021-04-03 03:21:48
87,Iqaluit,63.7506,-68.5145,-11.2,77,1,2.3,CA,2021-04-03 03:20:33
88,Kautokeino,69.0125,23.0412,11.8,92,100,3.13,NO,2021-04-03 03:21:49
89,Avarua,-21.2078,-159.775,82.4,74,20,9.22,CK,2021-04-03 03:15:15
90,Fairbanks,64.8378,-147.7164,17.01,62,90,6.91,US,2021-04-03 03:19:06
91,Moussoro,13.6408,16.4901,72.82,13,30,15.7,TD,2021-04-03 03:21:49
92,New Norfolk,-42.7826,147.0587,87.01,14,0,11.01,AU,2021-04-03 03:15:10
93,Kingsville,27.5159,-97.8561,62.6,63,1,5.75,US,2021-04-03 03:21:49
94,Sabang,5.8933,95.3214,83.35,72,63,13.67,ID,2021-04-03 03:20:17
95,Suntar,62.1444,117.6319,5.49,73,16,3.31,RU,2021-04-03 03:21:50
96,Hereford,52.0568,-2.7148,37.99,83,2,6.46,GB,2021-04-03 03:21:50
97,Yershov,51.3513,48.2766,35.06,99,98,6.22,RU,2021-04-03 03:21:50
98,Barrow,71.2906,-156.7887,-13.0,70,1,4.61,US,2021-04-03 03:15:01
99,Kaitangata,-46.2817,169.8464,57.0,58,100,8.01,NZ,2021-04-03 03:15:13
100,Cabo Rojo,18.0866,-67.1457,75.99,81,70,1.99,PR,2021-04-03 03:21:51
101,Chiang Khong,20.2613,100.4046,82.0,99,83,1.21,TH,2021-04-03 03:21:51
102,Tasiilaq,65.6145,-37.6368,30.2,80,90,11.5,GL,2021-04-03 03:16:24
103,Kralendijk,12.15,-68.2667,78.8,83,75,16.11,BQ,2021-04-03 03:20:18
104,Asfi,32.2994,-9.2372,56.5,91,11,11.97,MA,2021-04-03 03:17:09
105,Hami,42.8,93.45,54.75,12,2,6.49,CN,2021-04-03 03:16:32
106,La Paz,-16.5,-68.15,42.8,93,75,5.75,BO,2021-04-03 03:18:38
107,Butaritari,3.0707,172.7902,82.36,79,22,14.67,KI,2021-04-03 03:15:09
108,Mount Gambier,-37.8333,140.7667,93.2,13,0,14.97,AU,2021-04-03 03:16:38
109,Lompoc,34.6391,-120.4579,51.8,82,1,6.91,US,2021-04-03 03:15:14
110,Port Blair,11.6667,92.75,83.17,56,91,3.4,IN,2021-04-03 03:21:52
111,Sumbe,-11.2061,13.8437,78.75,90,96,3.58,AO,2021-04-03 03:19:25
112,Basoko,1.2391,23.616,71.58,96,100,2.93,CD,2021-04-03 03:21:52
113,Severo-Kurilsk,50.6789,156.125,32.11,77,65,7.87,RU,2021-04-03 03:16:00
114,Guerrero Negro,27.9769,-114.0611,59.81,85,0,14.45,MX,2021-04-03 03:12:02
115,Thompson,55.7435,-97.8558,41.0,52,1,11.5,CA,2021-04-03 03:15:34
116,Cayenne,4.9333,-52.3333,75.2,94,75,3.44,GF,2021-04-03 03:15:07
117,Coihaique,-45.5752,-72.0662,53.6,71,75,3.44,CL,2021-04-03 03:15:38
118,Hithadhoo,-0.6,73.0833,84.06,73,17,17.65,MV,2021-04-03 03:15:59
119,Izhma,65.0083,53.9113,20.43,97,88,2.08,RU,2021-04-03 03:21:52
120,Pangnirtung,66.1451,-65.7125,-18.18,67,1,6.91,CA,2021-04-03 03:15:58
121,El Dorado,38.7666,-120.5177,64.4,27,1,3.44,US,2021-04-03 03:21:53
122,Coquimbo,-29.9533,-71.3436,57.2,88,0,6.91,CL,2021-04-03 03:15:12
123,Hofn,64.2539,-15.2082,44.11,72,0,8.79,IS,2021-04-03 03:21:53
124,Nanchong,30.7951,106.0847,54.3,83,100,6.69,CN,2021-04-03 03:21:53
125,Vaini,-21.2,-175.2,82.4,78,75,5.75,TO,2021-04-03 03:15:09
126,Cape Town,-33.9258,18.4232,57.99,87,0,3.44,ZA,2021-04-03 03:14:14
127,Isabela,6.7085,121.9711,87.8,74,75,9.22,PH,2021-04-03 03:21:54
128,Beyneu,45.3167,55.2,46.72,81,0,13.06,KZ,2021-04-03 03:15:26
129,Qaanaaq,77.484,-69.3632,-17.46,88,100,11.95,GL,2021-04-03 03:15:41
130,Ocean City,39.2776,-74.5746,36.0,43,1,5.75,US,2021-04-03 03:19:35
131,Roald,62.5833,6.1333,39.2,65,90,9.22,NO,2021-04-03 03:20:36
132,Boulder City,35.9786,-114.8325,75.99,13,1,6.91,US,2021-04-03 03:21:55
133,Guanica,17.9716,-66.908,75.99,86,100,1.99,PR,2021-04-03 03:21:55
134,Atuona,-9.8,-139.0333,80.71,80,52,15.41,PF,2021-04-03 03:15:13
135,Codrington,-38.2667,141.9667,89.26,19,0,16.84,AU,2021-04-03 03:16:04
136,Beringovskiy,63.05,179.3167,9.05,84,100,12.73,RU,2021-04-03 03:15:53
137,Kodiak,57.79,-152.4072,41.0,56,75,9.22,US,2021-04-03 03:15:17
138,Haines Junction,60.7522,-137.5108,28.4,40,99,3.44,CA,2021-04-03 03:21:55
139,Maroantsetra,-15.4333,49.7333,74.89,88,100,5.28,MG,2021-04-03 03:21:56
140,Chokurdakh,70.6333,147.9167,-2.94,94,55,1.14,RU,2021-04-03 03:15:39
141,Hasaki,35.7333,140.8333,68.0,49,75,8.05,JP,2021-04-03 03:15:11
142,Kozhevnikovo,56.2589,83.9714,33.01,89,100,10.0,RU,2021-04-03 03:21:56
143,Saint-Philippe,-21.3585,55.7679,77.0,88,75,10.36,RE,2021-04-03 03:15:37
144,Moerai,-22.4333,-151.3333,79.41,73,8,18.99,PF,2021-04-03 03:17:18
145,Noumea,-22.2763,166.4572,79.0,100,75,13.8,NC,2021-04-03 03:20:43
146,Smidovich,48.6,133.8167,40.33,29,43,26.42,RU,2021-04-03 03:21:56
147,Xacmaz,41.4635,48.806,50.4,72,100,6.13,AZ,2021-04-03 03:21:57
148,Chapais,49.7834,-74.8492,15.8,53,1,6.91,CA,2021-04-03 03:15:33
149,De Haan,51.272,3.0429,44.01,70,75,16.11,BE,2021-04-03 03:21:57
150,Tiksi,71.6872,128.8694,-12.68,99,100,8.57,RU,2021-04-03 03:16:25
151,Skjervoy,70.0311,20.9714,34.81,76,100,22.26,NO,2021-04-03 03:20:43
152,Cidreira,-30.1811,-50.2056,69.73,79,73,13.91,BR,2021-04-03 03:18:28
153,Arlit,18.7369,7.3853,68.61,13,0,5.48,NE,2021-04-03 03:20:41
154,Bathsheba,13.2167,-59.5167,77.0,61,40,19.57,BB,2021-04-03 03:20:16
155,Gamba,-2.65,10.0,77.31,87,100,3.49,GA,2021-04-03 03:21:58
156,Nizhniy Kuranakh,58.8353,125.4869,15.46,67,100,5.66,RU,2021-04-03 03:21:58
157,Saint-Augustin,51.226,-58.6502,35.29,99,100,7.43,CA,2021-04-03 03:15:22
158,Igbon,11.2142,123.1655,82.02,71,41,11.77,PH,2021-04-03 03:21:58
159,North Bend,43.4065,-124.2243,48.99,87,1,13.8,US,2021-04-03 03:21:58
160,Pyapon,16.2833,95.6833,87.1,56,100,7.07,MM,2021-04-03 03:21:59
161,Coihueco,-36.6167,-71.8333,55.4,88,0,4.61,CL,2021-04-03 03:15:19
162,Togur,58.3631,82.8265,33.46,98,100,12.15,RU,2021-04-03 03:21:59
163,Tabou,4.423,-7.3528,78.6,90,92,6.76,CI,2021-04-03 03:20:35
164,Byron Bay,-28.65,153.6167,73.4,68,90,14.97,AU,2021-04-03 03:16:10
165,Krasnoarmeysk,51.0239,45.6969,35.01,79,22,1.99,RU,2021-04-03 03:21:59
166,Campo Grande,-20.4428,-54.6464,75.2,69,40,5.75,BR,2021-04-03 03:22:00
167,Mega,4.05,38.3,58.59,86,56,6.8,ET,2021-04-03 03:22:00
168,Richards Bay,-28.783,32.0377,71.49,82,100,16.22,ZA,2021-04-03 03:16:52
169,Kirakira,-10.4544,161.9205,86.07,68,70,8.1,SB,2021-04-03 03:16:25
170,Klaksvik,62.2266,-6.589,42.8,93,90,14.97,FO,2021-04-03 03:15:10
171,Kloulklubed,7.0419,134.2556,87.8,62,75,9.22,PW,2021-04-03 03:15:25
172,Komsomolskiy,40.4272,71.7189,42.8,45,0,2.3,UZ,2021-04-03 03:17:01
173,Cochrane,51.1834,-114.4687,44.01,36,1,4.61,CA,2021-04-03 03:22:01
174,Muros,42.7762,-9.0603,54.0,91,50,4.0,ES,2021-04-03 03:22:01
175,Prince Albert,53.2001,-105.7677,35.6,41,90,2.3,CA,2021-04-03 03:21:03
176,Rocha,-34.4833,-54.3333,58.42,92,0,4.68,UY,2021-04-03 03:22:01
177,Hamilton,39.1834,-84.5333,37.4,69,1,1.57,US,2021-04-03 03:16:37
178,Bhuj,23.2667,69.6667,85.33,23,2,5.06,IN,2021-04-03 03:22:01
179,Cabo San Lucas,22.8909,-109.9124,77.0,38,40,9.4,MX,2021-04-03 03:15:14
180,Ishigaki,24.3448,124.1572,84.2,74,40,5.75,JP,2021-04-03 03:18:15
181,Evensk,61.95,159.2333,16.2,60,32,5.59,RU,2021-04-03 03:22:02
182,Marienburg,54.0359,19.0266,35.01,100,70,6.06,PL,2021-04-03 03:17:34
183,Ust-Kuyga,70.0167,135.6,-4.45,90,100,8.21,RU,2021-04-03 03:17:56
184,Kavaratti,10.5669,72.642,82.99,58,100,10.89,IN,2021-04-03 03:16:09
185,Faanui,-16.4833,-151.75,82.29,68,5,2.01,PF,2021-04-03 03:15:56
186,Asau,46.4333,26.4,39.99,64,100,0.67,RO,2021-04-03 03:22:03
187,Altamira,-3.2033,-52.2064,71.42,98,82,1.39,BR,2021-04-03 03:22:03
188,Tefe,-3.3542,-64.7114,73.76,97,100,2.42,BR,2021-04-03 03:22:03
189,Russell,32.3502,-85.1999,48.2,87,1,4.27,US,2021-04-03 03:15:27
190,Raga,8.4596,25.678,73.29,20,97,1.86,SS,2021-04-03 03:22:04
191,Inhambane,-23.865,35.3833,68.59,86,0,4.85,MZ,2021-04-03 03:19:59
192,Almeirim,-1.5233,-52.5817,72.99,98,100,2.08,BR,2021-04-03 03:22:04
193,Lasa,46.6166,10.7002,46.0,75,0,5.75,IT,2021-04-03 03:16:13
194,Trzcianka,53.0406,16.4563,32.0,89,73,5.68,PL,2021-04-03 03:22:04
195,Bethel,41.3712,-73.414,32.0,47,63,5.73,US,2021-04-03 03:15:07
196,Yenagoa,4.9247,6.2642,78.49,89,91,2.82,NG,2021-04-03 03:19:20
197,Deqing,30.5448,119.9599,62.01,84,98,7.0,CN,2021-04-03 03:22:05
198,Sao Cristovao,-11.0147,-37.2064,80.6,74,0,10.36,BR,2021-04-03 03:22:05
199,Ilulissat,69.2167,-51.1,6.8,72,75,9.22,GL,2021-04-03 03:15:20
200,Cheyenne,41.14,-104.8203,52.0,31,1,11.5,US,2021-04-03 03:18:27
201,Namibe,-15.1961,12.1522,76.6,81,55,6.91,AO,2021-04-03 03:16:59
202,Phan Thiet,10.9333,108.1,87.17,61,71,7.38,VN,2021-04-03 03:22:05
203,Tazovskiy,67.4667,78.7,13.28,93,100,11.5,RU,2021-04-03 03:22:06
204,Torbay,47.6666,-52.7314,35.01,100,90,9.22,CA,2021-04-03 03:15:11
205,Aquiraz,-3.9014,-38.3911,82.4,83,75,4.61,BR,2021-04-03 03:22:06
206,Omboue,-1.5746,9.2618,77.2,91,100,3.87,GA,2021-04-03 03:22:06
207,Souillac,-20.5167,57.5167,78.8,89,40,10.36,MU,2021-04-03 03:15:17
208,Coahuayana,18.7333,-103.6833,73.72,78,16,0.94,MX,2021-04-03 03:16:31
209,Kurchum,48.5722,83.6542,32.02,50,0,2.44,KZ,2021-04-03 03:22:07
210,Vestmanna,62.1564,-7.1664,42.8,93,90,14.97,FO,2021-04-03 03:22:07
211,Banyliv,48.3661,25.3455,34.63,80,22,1.99,UA,2021-04-03 03:22:07
212,Esperance,-33.8667,121.9,71.6,60,40,16.11,AU,2021-04-03 03:15:46
213,Gambo,4.6482,22.2633,68.56,96,100,2.15,CF,2021-04-03 03:22:08
214,Kahului,20.8947,-156.47,78.8,65,40,13.8,US,2021-04-03 03:15:22
215,Axim,4.8699,-2.2405,78.62,89,35,5.1,GH,2021-04-03 03:15:01
216,Arraial Do Cabo,-22.9661,-42.0278,75.45,76,2,8.23,BR,2021-04-03 03:15:23
217,Georgetown,5.4112,100.3354,87.01,79,20,3.44,MY,2021-04-03 03:15:06
218,Takaka,-40.85,172.8,61.0,76,100,4.0,NZ,2021-04-03 03:22:08
219,Vilyuysk,63.7553,121.6247,2.01,84,100,6.71,RU,2021-04-03 03:22:08
220,Chuy,-33.6971,-53.4616,62.19,85,2,5.77,UY,2021-04-03 03:15:41
221,Kieta,-6.2167,155.6333,85.73,67,81,4.32,PG,2021-04-03 03:15:16
222,East London,-33.0153,27.9116,61.65,80,35,11.3,ZA,2021-04-03 03:15:25
223,Te Anau,-45.4167,167.7167,59.99,46,100,7.72,NZ,2021-04-03 03:15:53
224,Togul,53.465,85.9128,31.62,81,100,11.92,RU,2021-04-03 03:22:09
225,Davila,18.4726,120.5763,86.0,74,20,8.05,PH,2021-04-03 03:22:09
226,Barra Bonita,-22.4947,-48.5581,64.0,80,3,3.0,BR,2021-04-03 03:22:09
227,Kruisfontein,-34.0033,24.7314,54.0,95,2,5.08,ZA,2021-04-03 03:15:21
228,Saint-Pierre,-21.3393,55.4781,77.0,88,75,10.36,RE,2021-04-03 03:20:39
229,Nikolskiy,60.9151,34.0645,29.12,98,99,1.19,RU,2021-04-03 03:22:10
230,Port Elizabeth,-33.918,25.5701,55.4,88,20,5.75,ZA,2021-04-03 03:16:10
231,Dikson,73.5069,80.5464,-13.5,82,91,3.71,RU,2021-04-03 03:15:48
232,Moree,-29.4667,149.85,78.8,44,83,10.36,AU,2021-04-03 03:22:10
233,Nelson Bay,-32.7167,152.15,80.01,73,75,10.36,AU,2021-04-03 03:22:11
234,Solnechnyy,50.7214,136.6319,37.63,47,45,16.58,RU,2021-04-03 03:22:11
235,Christchurch,-43.5333,172.6333,62.6,59,100,17.27,NZ,2021-04-03 03:16:55
236,Upernavik,72.7868,-56.1549,-17.3,99,100,5.91,GL,2021-04-03 03:15:24
237,Ust-Tsilma,65.441,52.1498,20.39,97,97,1.23,RU,2021-04-03 03:22:11
238,Kodar,16.9833,79.9667,87.76,56,9,13.22,IN,2021-04-03 03:22:11
239,Batagay,67.6333,134.6333,4.82,90,100,6.93,RU,2021-04-03 03:16:56
240,Gravdal,68.1214,13.5031,35.46,98,97,21.79,NO,2021-04-03 03:22:12
241,Port Alfred,-33.5906,26.891,60.12,84,38,8.55,ZA,2021-04-03 03:15:20
242,Walvis Bay,-22.9575,14.5053,64.4,72,7,1.14,NA,2021-04-03 03:22:12
243,Pathein,16.7833,94.7333,82.13,72,100,7.63,MM,2021-04-03 03:22:12
244,Wilmslow,53.328,-2.2315,42.01,75,75,5.75,GB,2021-04-03 03:22:13
245,Yulara,-25.2406,130.9889,86.0,21,0,9.22,AU,2021-04-03 03:16:42
246,Ivybridge,50.3904,-3.9191,44.01,69,3,5.01,GB,2021-04-03 03:22:13
247,Abashiri,44.0213,144.2697,50.0,66,75,16.11,JP,2021-04-03 03:22:13
248,Champerico,14.3,-91.9167,73.0,77,6,4.85,GT,2021-04-03 03:22:13
249,Naryan-Mar,67.6713,53.087,12.63,93,100,5.5,RU,2021-04-03 03:22:14
250,Santarem,-2.4431,-54.7083,77.0,94,0,2.3,BR,2021-04-03 03:22:14
251,Belmonte,-15.8631,-38.8828,77.0,94,75,2.3,BR,2021-04-03 03:22:14
252,Oksfjord,70.2396,22.3479,33.01,86,40,5.75,NO,2021-04-03 03:18:45
253,Mayo,38.8876,-76.5119,41.0,36,1,9.22,US,2021-04-03 03:15:27
254,Turayf,31.6725,38.6637,41.0,93,0,16.11,SA,2021-04-03 03:22:15
255,Palora,-1.7,-77.9333,66.42,98,100,2.53,EC,2021-04-03 03:22:15
256,Edd,13.9297,41.6925,77.72,86,11,7.2,ER,2021-04-03 03:22:15
257,Kondoa,-4.9,35.7833,58.73,96,94,2.57,TZ,2021-04-03 03:22:16
258,Chantada,42.6088,-7.7712,51.8,87,90,5.75,ES,2021-04-03 03:22:16
259,Hay River,60.8156,-115.7999,6.8,61,98,3.51,CA,2021-04-03 03:22:16
260,Formosa Do Rio Preto,-11.0483,-45.1931,69.98,94,100,3.4,BR,2021-04-03 03:22:17
261,Uruzgan,32.8333,66.0,60.26,27,89,4.65,AF,2021-04-03 03:22:17
262,Chengde,40.9725,117.9361,52.72,13,85,12.37,CN,2021-04-03 03:22:17
263,Geraldton,-28.7667,114.6,86.0,45,96,5.75,AU,2021-04-03 03:15:54
264,Turukhansk,65.8167,87.9833,12.31,92,100,13.0,RU,2021-04-03 03:16:38
265,Yerbogachen,61.2767,108.0108,18.57,89,100,8.28,RU,2021-04-03 03:16:15
266,Sao Felix Do Xingu,-6.6447,-51.995,71.26,98,81,1.23,BR,2021-04-03 03:15:40
267,Norton,-17.8833,30.7,54.0,87,5,1.01,ZW,2021-04-03 03:22:18
268,Nuuk,64.1835,-51.7216,15.8,79,91,17.27,GL,2021-04-03 03:17:01
269,Notre-Dame-Du-Lac,47.6136,-68.7964,21.2,85,21,4.61,CA,2021-04-03 03:22:18
270,Iquique,-20.2208,-70.1431,64.4,77,0,4.61,CL,2021-04-03 03:13:58
271,Auki,-8.7676,160.7034,86.72,62,58,2.73,SB,2021-04-03 03:22:18
272,Makakilo City,21.3469,-158.0858,80.6,54,40,17.27,US,2021-04-03 03:11:02
273,Mahebourg,-20.4081,57.7,78.8,89,40,10.36,MU,2021-04-03 03:17:08
274,Isangel,-19.55,169.2667,82.4,89,90,4.94,VU,2021-04-03 03:15:53
275,Abbeville,50.1,1.8333,42.01,80,5,7.31,FR,2021-04-03 03:22:19
276,Mariental,-24.6333,17.9667,73.81,35,23,2.8,NA,2021-04-03 03:22:19
277,Cherskiy,68.75,161.3,9.39,74,100,8.1,RU,2021-04-03 03:15:31
278,Ulverstone,-41.15,146.1667,77.0,64,9,1.99,AU,2021-04-03 03:22:19
279,Erenhot,43.6475,111.9767,38.5,24,5,5.26,CN,2021-04-03 03:18:44
280,Areia Branca,-4.9561,-37.1369,79.68,74,8,15.3,BR,2021-04-03 03:22:19
281,Necochea,-38.5473,-58.7368,60.01,93,5,5.99,AR,2021-04-03 03:22:20
282,Kalabo,-14.97,22.6814,68.07,70,80,5.53,ZM,2021-04-03 03:22:20
283,Lanja,16.85,73.55,79.09,64,9,1.28,IN,2021-04-03 03:17:04
284,Saldanha,-33.0117,17.9442,57.2,77,100,4.61,ZA,2021-04-03 03:17:05
285,Sioux Lookout,50.1001,-91.917,46.4,36,90,5.75,CA,2021-04-03 03:16:52
286,Dingle,10.9995,122.6711,85.03,65,78,12.5,PH,2021-04-03 03:16:39
287,Sundumbili,-29.1337,31.3975,68.0,73,20,8.05,ZA,2021-04-03 03:22:20
288,Hearst,49.6835,-83.6665,33.8,37,100,5.75,CA,2021-04-03 03:20:24
289,Longyearbyen,78.2186,15.6401,17.6,86,75,4.61,SJ,2021-04-03 03:13:22
290,Scarborough,54.2797,-0.4044,42.01,76,10,3.0,GB,2021-04-03 03:20:48
291,Bengkulu,-3.8004,102.2655,83.86,67,100,9.4,ID,2021-04-03 03:16:50
292,Merauke,-8.4667,140.3333,82.49,79,96,7.9,ID,2021-04-03 03:20:40
293,Tubmanburg,6.8708,-10.8172,75.79,96,90,1.86,LR,2021-04-03 03:22:21
294,Requena,39.4883,-1.1004,57.0,84,12,5.21,ES,2021-04-03 03:22:21
295,Clearlake,38.9582,-122.6264,57.0,34,70,4.07,US,2021-04-03 03:22:22
296,Poya,-21.35,165.15,76.98,86,100,4.18,NC,2021-04-03 03:22:22
297,Maniitsoq,65.4167,-52.9,4.35,87,61,8.61,GL,2021-04-03 03:22:22
298,Magugu,-4.0167,35.7667,64.0,92,97,1.34,TZ,2021-04-03 03:22:22
299,Cam Ranh,11.9214,109.1591,86.0,74,20,8.05,VN,2021-04-03 03:22:23
300,Vila,42.0304,-8.1588,52.0,94,60,3.87,PT,2021-04-03 03:22:23
301,Pangkalanbuun,-2.6833,111.6167,91.06,52,81,3.89,ID,2021-04-03 03:22:23
302,Luena,-11.7833,19.9167,61.68,97,97,3.49,AO,2021-04-03 03:22:23
303,Trincomalee,8.5711,81.2335,83.97,66,44,16.4,LK,2021-04-03 03:22:24
304,Moissala,8.3404,17.7663,77.4,19,58,1.41,TD,2021-04-03 03:22:24
305,Zhigansk,66.7697,123.3711,-2.92,86,100,8.19,RU,2021-04-03 03:17:50
306,Imbituba,-28.24,-48.6703,69.8,94,75,5.75,BR,2021-04-03 03:17:08
307,Nikolskoye,59.7035,30.7861,33.01,93,90,6.71,RU,2021-04-03 03:15:14
308,Yendi,9.4427,-0.0099,79.95,24,54,4.23,GH,2021-04-03 03:22:24
309,San Cristobal,7.7669,-72.225,78.8,69,75,2.3,VE,2021-04-03 03:17:02
310,Yinchuan,38.4681,106.2731,50.29,23,100,9.6,CN,2021-04-03 03:20:24
311,Gornopravdinsk,60.05,69.9,33.82,94,100,7.27,RU,2021-04-03 03:22:25
312,Wanning,18.8003,110.3967,84.24,67,12,9.1,CN,2021-04-03 03:15:38
313,Aban,56.67,96.06,31.84,87,100,13.96,RU,2021-04-03 03:22:25
314,Constitucion,-35.3333,-72.4167,56.3,76,0,11.68,CL,2021-04-03 03:15:50
315,Jumla,29.2747,82.1838,53.65,6,3,6.04,NP,2021-04-03 03:16:12
316,Kalaleh,37.3807,55.4916,50.0,100,40,6.91,IR,2021-04-03 03:22:25
317,Deputatskiy,69.3,139.9,-2.99,96,100,4.68,RU,2021-04-03 03:20:30
318,Nemuro,43.3236,145.575,48.2,76,75,11.5,JP,2021-04-03 03:20:16
319,Airai,-8.9266,125.4092,68.18,79,100,4.25,TL,2021-04-03 03:16:35
320,Monte Patria,-30.6919,-70.9467,70.03,52,97,0.87,CL,2021-04-03 03:22:26
321,Khash,28.2211,61.2158,69.39,14,0,2.91,IR,2021-04-03 03:22:26
322,Chumikan,54.7183,135.315,30.94,97,100,7.58,RU,2021-04-03 03:17:21
323,Sao Jose Da Coroa Grande,-8.8978,-35.1478,77.25,78,1,4.9,BR,2021-04-03 03:22:26
324,Paita,-5.0892,-81.1144,72.07,76,79,8.79,PE,2021-04-03 03:22:26
325,Baykit,61.67,96.37,28.27,90,100,2.75,RU,2021-04-03 03:16:51
326,Barcelos,41.5388,-8.6151,55.0,100,40,4.61,PT,2021-04-03 03:14:44
327,Kuala Terengganu,5.3302,103.1408,86.0,79,20,1.14,MY,2021-04-03 03:22:27
328,Takoradi,4.8845,-1.7554,79.12,88,11,6.38,GH,2021-04-03 03:22:27
329,Jaguey Grande,22.5269,-81.1286,71.6,56,20,14.97,CU,2021-04-03 03:22:27
330,Staryy Nadym,65.6118,72.6842,30.6,98,99,7.58,RU,2021-04-03 03:22:28
331,Woodward,36.4337,-99.3904,57.2,41,1,13.8,US,2021-04-03 03:20:30
332,Wagar,16.1525,36.2032,71.76,50,0,14.63,SD,2021-04-03 03:22:28
333,Alta Floresta,-9.8756,-56.0861,71.06,95,100,2.84,BR,2021-04-03 03:22:28
334,Clyde River,70.4692,-68.5914,-16.6,69,20,6.91,CA,2021-04-03 03:16:18
335,Biu,10.6129,12.1946,71.94,12,63,8.95,NG,2021-04-03 03:22:29
336,Opuwo,-18.0607,13.84,69.35,65,8,5.44,NA,2021-04-03 03:16:47
337,Kourou,5.1552,-52.6478,75.2,94,75,3.44,GF,2021-04-03 03:22:29
338,Praya,14.9215,-23.5087,77.0,31,0,21.85,CV,2021-04-03 03:22:29
339,Umm Lajj,25.0213,37.2685,67.21,44,0,13.98,SA,2021-04-03 03:22:30
340,Channel-Port Aux Basques,47.5702,-59.1367,37.31,95,100,25.05,CA,2021-04-03 03:22:30
341,Cedar City,37.6775,-113.0619,59.0,21,1,9.22,US,2021-04-03 03:22:30
342,Broome,42.2506,-75.833,26.01,46,1,6.91,US,2021-04-03 03:18:16
343,Praia,14.9215,-23.5087,77.0,31,0,21.85,CV,2021-04-03 03:22:29
344,Vanimo,-2.6741,141.3028,78.87,88,100,7.07,PG,2021-04-03 03:16:14
345,Dwarka,22.2394,68.9678,81.57,59,5,8.03,IN,2021-04-03 03:22:30
346,Bahia Blanca,-38.7196,-62.2724,66.11,60,98,10.65,AR,2021-04-03 03:22:31
347,Voyvozh,62.892,54.9635,22.03,95,99,2.35,RU,2021-04-03 03:22:31
348,Lorengau,-2.0226,147.2712,80.29,81,100,1.54,PG,2021-04-03 03:15:12
349,Agadez,19.75,10.25,65.66,15,0,7.99,NE,2021-04-03 03:22:31
350,Monrovia,6.3005,-10.7969,77.0,94,75,1.99,LR,2021-04-03 03:22:46
351,Alyangula,-13.8483,136.4192,86.58,55,83,12.03,AU,2021-04-03 03:16:09
352,Kuandian,40.7286,124.7847,44.76,74,100,13.35,CN,2021-04-03 03:22:46
353,Karlskrona,56.1616,15.5866,33.8,80,75,6.91,SE,2021-04-03 03:20:36
354,Banda Aceh,5.5577,95.3222,83.62,71,88,11.34,ID,2021-04-03 03:22:47
355,Kamenka,51.3223,42.7678,39.99,79,90,9.1,RU,2021-04-03 03:15:36
356,Tromso,69.6496,18.957,32.0,86,75,14.97,NO,2021-04-03 03:22:47
357,Masuda,34.6667,131.85,75.2,46,75,16.11,JP,2021-04-03 03:22:47
358,Voznesenskoye,54.89,42.7569,32.04,95,100,7.45,RU,2021-04-03 03:22:47
359,San Andres,12.5847,-81.7006,80.6,74,75,12.66,CO,2021-04-03 03:16:12
360,Zlitan,32.4674,14.5687,67.46,33,8,14.61,LY,2021-04-03 03:22:48
361,Santa Fe,-31.6333,-60.7,63.14,78,1,6.17,AR,2021-04-03 03:16:03
362,Kalmunai,7.4167,81.8167,82.51,67,68,4.25,LK,2021-04-03 03:22:48
363,Tautira,-17.7333,-149.15,80.6,74,75,4.61,PF,2021-04-03 03:16:29
364,Hualmay,-11.0964,-77.6139,68.68,87,28,6.04,PE,2021-04-03 03:22:48
365,Fortuna,40.5982,-124.1573,48.99,100,1,6.91,US,2021-04-03 03:15:47
366,Bullhead City,35.1478,-114.5683,84.2,9,1,2.93,US,2021-04-03 03:22:49
367,Karad,17.2833,74.2,78.1,41,5,3.71,IN,2021-04-03 03:22:49
368,Kasongo-Lunda,-6.4667,16.8167,68.94,98,100,0.78,CD,2021-04-03 03:22:49
369,Toktogul,41.8708,72.9402,33.76,41,0,1.86,KG,2021-04-03 03:15:08
370,Sao Joao Da Barra,-21.6403,-41.0511,72.28,88,1,9.26,BR,2021-04-03 03:15:35
371,Olafsvik,64.8945,-23.7142,42.08,95,100,25.05,IS,2021-04-03 03:16:05
372,Sabla,12.7525,4.7077,74.52,10,0,13.09,NG,2021-04-03 03:16:39
373,Arman,59.7,150.1667,25.36,53,47,2.8,RU,2021-04-03 03:22:50
374,Salcedo,12.8105,121.4674,84.51,66,20,7.78,PH,2021-04-03 03:22:50
375,Ukiah,39.1502,-123.2078,64.4,32,1,3.44,US,2021-04-03 03:22:02
376,Gao,16.6362,1.637,72.68,8,1,11.32,ML,2021-04-03 03:22:50
377,Luanda,-8.8368,13.2343,80.6,89,75,4.61,AO,2021-04-03 03:22:50
378,Manokwari,-0.8667,134.0833,81.72,73,96,2.59,ID,2021-04-03 03:20:27
379,Asadabad,34.7824,48.1185,41.0,56,0,6.91,IR,2021-04-03 03:22:51
380,Sobolevo,54.4299,31.8996,31.95,86,34,4.27,RU,2021-04-03 03:16:22
381,Okha,53.5739,142.9478,33.01,98,100,16.22,RU,2021-04-03 03:22:51
382,Ust-Kut,56.7938,105.7672,33.89,87,100,12.97,RU,2021-04-03 03:21:26
383,Langfang,39.5097,116.6947,63.0,16,77,4.0,CN,2021-04-03 03:22:51
384,Charyshskoye,51.3978,83.5598,34.79,57,31,2.68,RU,2021-04-03 03:22:52
385,Tekeli,44.83,78.8239,30.47,73,94,4.18,KZ,2021-04-03 03:22:52
386,Provideniya,64.3833,-173.3,12.94,89,100,11.07,RU,2021-04-03 03:15:49
387,Ozernovskiy,51.5,156.5167,29.66,75,79,3.06,RU,2021-04-03 03:22:52
388,Les Cayes,18.2,-73.75,75.22,81,2,4.16,HT,2021-04-03 03:22:53
389,Wanlaweyn,2.6185,44.8938,79.48,80,45,7.7,SO,2021-04-03 03:22:53
390,Srem,52.0887,17.0151,37.0,87,0,5.75,PL,2021-04-03 03:22:53
391,Ternate,0.8,127.4,86.02,68,44,10.94,ID,2021-04-03 03:18:21
392,Rio Gallegos,-51.6226,-69.2181,50.0,87,90,2.3,AR,2021-04-03 03:22:53
393,Margate,51.3813,1.3862,43.0,67,36,8.01,GB,2021-04-03 03:15:26
394,Petropavlovsk-Kamchatskiy,53.0452,158.6483,37.4,44,9,11.18,RU,2021-04-03 03:20:48
395,Buarcos,40.166,-8.8768,54.0,100,40,2.3,PT,2021-04-03 03:22:54
396,Kununurra,-15.7667,128.7333,93.2,40,100,17.27,AU,2021-04-03 03:20:18
397,Mecca,21.4267,39.8261,69.57,39,94,8.7,SA,2021-04-03 03:22:54
398,Saint-Joseph,-21.3667,55.6167,77.0,88,75,10.36,RE,2021-04-03 03:15:32
399,Tallahassee,30.4383,-84.2807,48.2,61,1,3.44,US,2021-04-03 03:16:41
400,Price,39.5994,-110.8107,51.8,25,1,9.22,US,2021-04-03 03:22:54
401,Ahipara,-35.1667,173.1667,69.55,65,3,5.82,NZ,2021-04-03 03:16:56
402,Oussouye,12.485,-16.5469,71.6,94,0,4.61,SN,2021-04-03 03:22:55
403,Portland,45.5234,-122.6762,57.2,51,75,5.75,US,2021-04-03 03:12:01
404,Boone,39.0334,-92.3335,55.4,35,0,10.36,US,2021-04-03 03:22:55
405,Ayagoz,47.9714,80.4392,38.98,50,2,10.0,KZ,2021-04-03 03:22:55
406,Karratha,-20.7377,116.8463,94.86,23,2,7.56,AU,2021-04-03 03:22:56
407,Ocampo,21.65,-101.5,48.2,88,100,9.89,MX,2021-04-03 03:22:56
408,Akdepe,42.0551,59.3788,51.8,50,0,9.22,TM,2021-04-03 03:22:56
409,Kailua,21.4022,-157.7394,77.0,73,75,13.8,US,2021-04-03 03:22:56
410,San Policarpo,12.1791,125.5072,83.52,67,18,7.72,PH,2021-04-03 03:16:35
411,Crisnee,50.717,5.398,41.0,93,75,8.05,BE,2021-04-03 03:22:57
412,Durban,-29.8579,31.0292,68.0,73,20,8.05,ZA,2021-04-03 03:22:57
413,Avigliana,45.0771,7.3986,51.01,61,1,3.0,IT,2021-04-03 03:22:57
414,Churapcha,62.0025,132.4325,6.31,73,100,8.75,RU,2021-04-03 03:22:57
415,Vostok,46.4856,135.8833,38.75,76,100,14.03,RU,2021-04-03 03:16:16
416,Johnstown,40.3267,-78.922,27.0,46,1,14.97,US,2021-04-03 03:22:58
417,Garoua,9.3,13.4,77.52,16,32,2.28,CM,2021-04-03 03:20:03
418,Santiago Del Estero,-27.7951,-64.2615,72.95,53,100,7.09,AR,2021-04-03 03:17:58
419,Dhekiajuli,26.7,92.5,82.15,33,0,10.85,IN,2021-04-03 03:22:58
420,Haapiti,-17.5667,-149.8667,80.6,74,75,4.61,PF,2021-04-03 03:22:59
421,Iracoubo,5.4802,-53.2011,77.2,89,100,9.28,GF,2021-04-03 03:22:59
422,Shalakusha,62.2247,40.2539,26.53,99,100,0.69,RU,2021-04-03 03:22:59
423,Katsuura,35.1333,140.3,68.0,55,75,5.75,JP,2021-04-03 03:16:31
424,Meulaboh,4.1363,96.1285,79.93,77,99,3.74,ID,2021-04-03 03:15:46
425,Mapastepec,15.4333,-92.9,82.38,47,0,6.67,MX,2021-04-03 03:23:00
426,Hammerfest,70.6634,23.6821,32.0,93,90,13.8,NO,2021-04-03 03:23:00
427,Sarh,9.1429,18.3923,77.0,25,0,4.43,TD,2021-04-03 03:23:00
428,Bara,10.3744,10.7288,73.81,10,3,8.34,NG,2021-04-03 03:20:25
429,Aberdeen,57.1437,-2.0981,39.2,81,75,10.36,GB,2021-04-03 03:23:00
430,Waspan,14.7419,-83.9717,72.12,91,3,3.91,NI,2021-04-03 03:22:10
431,Homer,59.6425,-151.5483,30.2,74,75,9.22,US,2021-04-03 03:16:05
432,Talas,38.6908,35.5538,37.4,93,75,4.92,TR,2021-04-03 03:23:01
433,Aykhal,66.0,111.5,-8.86,90,92,6.17,RU,2021-04-03 03:23:01
434,Lexington Park,38.2668,-76.4538,39.2,38,1,9.22,US,2021-04-03 03:21:55
435,Kupang,-10.1667,123.5833,73.4,100,90,6.91,ID,2021-04-03 03:15:43
436,Flinders,-34.5833,150.8552,82.99,53,0,4.0,AU,2021-04-03 03:17:14
437,Breytovo,58.2993,37.8617,25.05,97,84,3.33,RU,2021-04-03 03:23:01
438,Mazagao,-0.115,-51.2894,82.4,100,40,5.75,BR,2021-04-03 03:23:02
439,Marawi,7.9986,124.2928,78.69,74,100,4.94,PH,2021-04-03 03:16:33
440,Kuytun,54.3419,101.5036,34.03,76,100,7.99,RU,2021-04-03 03:23:02
441,Aras,42.5617,-2.356,51.8,82,0,11.5,ES,2021-04-03 03:23:02
442,Kijang,35.2442,129.2139,69.8,60,75,8.05,KR,2021-04-03 03:16:14
443,Dicabisagan,17.0818,122.4157,84.6,58,0,4.36,PH,2021-04-03 03:23:03
444,Salinopolis,-0.6136,-47.3561,78.39,83,35,7.85,BR,2021-04-03 03:23:03
445,Ritchie,-29.038,24.6028,46.4,87,0,2.3,ZA,2021-04-03 03:23:03
446,Basco,20.4487,121.9702,79.66,76,17,9.66,PH,2021-04-03 03:23:03
447,Chambarak,40.5966,45.355,31.14,78,73,3.51,AM,2021-04-03 03:23:04
448,Jalu,29.0331,21.5482,59.47,34,0,8.34,LY,2021-04-03 03:23:04
449,Diedorf,48.35,10.7667,37.99,75,75,6.91,DE,2021-04-03 03:23:04
450,Mirabad,30.4362,61.8383,76.08,16,47,8.63,AF,2021-04-03 03:23:05
451,Sangar,63.9242,127.4739,-2.0,87,100,2.51,RU,2021-04-03 03:23:05
452,Huanuco,-9.9329,-76.2415,61.72,95,79,3.15,PE,2021-04-03 03:23:05
453,Avezzano,42.0402,13.4388,45.0,82,0,1.99,IT,2021-04-03 03:23:05
454,Kachiry,53.0675,76.1036,23.99,87,49,10.87,KZ,2021-04-03 03:23:06
455,Gomel,52.4345,30.9754,35.01,86,0,6.71,BY,2021-04-03 03:23:06
456,Pore,5.7272,-71.9947,76.87,68,88,3.78,CO,2021-04-03 03:23:06
457,Kyra,49.5776,111.9753,39.51,32,0,6.13,RU,2021-04-03 03:23:06
458,Mopti,14.6667,-4.0,77.0,22,0,4.61,ML,2021-04-03 03:23:07
459,Yumen,40.2833,97.2,46.94,29,100,25.5,CN,2021-04-03 03:23:07
460,Morgan City,29.6994,-91.2068,48.2,87,1,5.17,US,2021-04-03 03:23:07
461,Mortka,59.3322,66.0214,33.31,98,100,6.4,RU,2021-04-03 03:23:07
462,Portobelo,9.55,-79.65,79.0,86,79,28.99,PA,2021-04-03 03:23:08
463,Basqal,40.7552,48.391,44.6,93,40,0.83,AZ,2021-04-03 03:23:08
464,Praia Da Vitoria,38.7333,-27.0667,61.0,88,75,24.36,PT,2021-04-03 03:15:45
465,York,40.1254,-77.0,37.4,25,1,8.05,US,2021-04-03 03:23:08
466,Gadsden,34.0143,-86.0066,37.4,81,1,3.83,US,2021-04-03 03:23:09
467,Warri,5.5167,5.75,78.46,90,99,2.15,NG,2021-04-03 03:18:14
468,Henties Bay,-22.116,14.2845,62.01,88,4,1.99,NA,2021-04-03 03:15:26
469,Sakakah,29.9697,40.2064,50.0,50,0,10.36,SA,2021-04-03 03:12:03
470,Tezu,27.9167,96.1667,82.85,29,23,3.71,IN,2021-04-03 03:15:55
471,Alegrete,-29.7831,-55.7919,64.04,74,35,11.07,BR,2021-04-03 03:23:09
472,Garbolovo,60.3413,30.4955,33.01,70,99,2.86,RU,2021-04-03 03:23:09
473,Poum,-20.2333,164.0167,79.38,82,95,7.07,NC,2021-04-03 03:15:48
474,Morgantown,39.6295,-79.9559,30.2,55,1,2.42,US,2021-04-03 03:18:28
475,Oromocto,45.8351,-66.4792,26.6,63,1,4.61,CA,2021-04-03 03:23:10
476,Alofi,-19.0595,-169.9187,84.2,74,91,11.5,NU,2021-04-03 03:20:49
477,Jiwani,25.05,61.7417,80.44,63,0,8.01,PK,2021-04-03 03:23:10
478,Tricase,39.9304,18.3553,57.0,100,0,10.36,IT,2021-04-03 03:23:10
479,Saint Anthony,45.0205,-93.218,55.4,32,1,12.66,US,2021-04-03 03:17:19
480,Adrar,20.5022,-10.0711,82.72,8,99,8.77,MR,2021-04-03 03:16:29
481,Bartica,6.4,-58.6167,75.2,94,20,4.61,GY,2021-04-03 03:16:42
482,Edmundston,47.3737,-68.3251,17.6,85,19,4.61,CA,2021-04-03 03:23:11
483,Cowra,-33.8333,148.6833,72.0,38,0,1.99,AU,2021-04-03 03:23:11
484,Leningradskiy,69.3833,178.4167,-9.67,92,79,3.38,RU,2021-04-03 03:15:38
485,Safaga,26.7292,33.9365,60.8,39,0,8.05,EG,2021-04-03 03:23:11
486,Ust-Maya,60.4167,134.5333,8.98,73,100,12.03,RU,2021-04-03 03:23:11
487,Lensk,60.7253,114.9278,17.02,81,100,6.02,RU,2021-04-03 03:23:12
488,Volosovo,59.4333,29.4833,32.0,93,90,6.71,RU,2021-04-03 03:23:12
489,Olga,43.7444,135.2892,47.79,71,100,3.4,RU,2021-04-03 03:23:12
490,Bahir Dar,11.5936,37.3908,66.52,59,10,3.11,ET,2021-04-03 03:23:13
491,Malangwa,26.8568,85.5581,85.73,7,0,10.49,NP,2021-04-03 03:23:13
492,Moses Lake,47.1301,-119.2781,60.8,29,1,5.75,US,2021-04-03 03:23:13
493,Kursavka,44.4564,42.5093,44.6,76,94,6.71,RU,2021-04-03 03:23:13
494,Samarai,-10.6167,150.6667,84.74,69,73,13.89,PG,2021-04-03 03:20:06
495,Kathmandu,27.7167,85.3167,62.6,45,20,2.3,NP,2021-04-03 03:22:08
496,Pacific Grove,36.6177,-121.9166,52.0,85,6,4.74,US,2021-04-03 03:15:19
497,Sept-Iles,50.2001,-66.3821,28.99,93,90,3.44,CA,2021-04-03 03:20:29
498,Shihezi,44.3,86.0333,41.99,58,97,2.66,CN,2021-04-03 03:23:14
499,Filingue,14.3521,3.3168,73.35,10,0,9.1,NE,2021-04-03 03:23:14
500,Dauphin,51.1494,-100.0502,41.0,65,1,9.22,CA,2021-04-03 03:23:14
501,Ostrovnoy,68.0531,39.5131,21.49,97,99,8.52,RU,2021-04-03 03:10:18
502,Saint Pete Beach,27.7253,-82.7412,55.0,30,0,1.01,US,2021-04-03 03:23:15
503,Ushtobe,45.2514,77.9838,41.02,55,94,7.58,KZ,2021-04-03 03:23:15
504,Mosquera,4.7059,-74.2302,57.2,82,40,4.61,CO,2021-04-03 03:17:21
505,Paamiut,61.994,-49.6678,24.31,95,100,14.27,GL,2021-04-03 03:17:04
506,Malanje,-9.5402,16.341,62.64,98,100,2.77,AO,2021-04-03 03:19:25
507,Ola,59.5833,151.2833,24.37,52,24,4.18,RU,2021-04-03 03:23:16
508,Bakel,14.905,-12.4568,85.62,7,11,8.25,SN,2021-04-03 03:23:16
509,Minot,48.2325,-101.2963,48.2,29,1,6.44,US,2021-04-03 03:23:16
510,Hobyo,5.3505,48.5268,81.5,77,44,6.98,SO,2021-04-03 03:23:16
511,Liberal,37.0431,-100.921,53.6,50,1,14.97,US,2021-04-03 03:23:17
512,Cervo,43.6702,-7.4101,54.0,92,24,3.0,ES,2021-04-03 03:23:17
513,Inongo,-1.95,18.2667,71.85,93,100,1.81,CD,2021-04-03 03:23:17
514,Lake Havasu City,34.4839,-114.3224,84.2,10,1,3.44,US,2021-04-03 03:21:29
515,Volkhov,59.9258,32.3382,28.0,96,100,2.48,RU,2021-04-03 03:23:17
516,Ca Mau,9.1769,105.15,93.69,45,83,3.58,VN,2021-04-03 03:23:18
517,Launceston,-41.45,147.1667,78.8,41,0,17.27,AU,2021-04-03 03:23:18
518,Oshnaviyeh,37.0397,45.0983,37.4,70,75,4.61,IR,2021-04-03 03:23:18
519,Kungurtug,50.5994,97.5228,27.07,57,67,0.67,RU,2021-04-03 03:19:53
520,Furano,43.2818,142.4743,55.4,54,75,17.27,JP,2021-04-03 03:23:18
521,Terney,45.0503,136.6092,47.64,71,100,7.85,RU,2021-04-03 03:23:19
522,Strezhevoy,60.7333,77.5889,35.6,80,75,8.95,RU,2021-04-03 03:23:19
523,Chara,56.9064,118.2631,11.68,72,79,2.01,RU,2021-04-03 03:16:16
524,Ravar,31.2656,56.8055,71.65,27,26,6.26,IR,2021-04-03 03:23:19
525,Rantepao,-2.9701,119.8978,82.99,45,100,3.85,ID,2021-04-03 03:23:20
526,Tayu,-6.5397,111.0518,87.4,62,18,7.9,ID,2021-04-03 03:23:20
527,Aksu,41.1231,80.2644,42.98,58,89,10.11,CN,2021-04-03 03:23:20
528,Pattani,6.75,100.4167,87.8,70,20,4.65,TH,2021-04-03 03:23:20
529,Salym,60.0625,71.4789,33.42,92,100,7.87,RU,2021-04-03 03:23:21
530,College,64.8569,-147.8028,14.0,57,90,4.61,US,2021-04-03 03:15:51
531,Porto Novo,6.4965,2.6036,82.4,83,40,10.36,BJ,2021-04-03 03:20:20
532,Idar,49.7167,7.3,43.0,75,75,6.91,DE,2021-04-03 03:23:21
533,Muli,2.9167,73.5667,83.01,76,21,13.69,MV,2021-04-03 03:23:21
534,Yar-Sale,66.8333,70.8333,28.13,97,100,7.18,RU,2021-04-03 03:16:20
535,Cape Canaveral,28.4058,-80.6048,59.0,62,40,10.36,US,2021-04-03 03:14:01
536,Lavrentiya,65.5833,-171.0,7.16,80,98,12.93,RU,2021-04-03 03:16:22
537,Papenburg,53.0667,7.4,39.99,93,11,2.3,DE,2021-04-03 03:23:22
538,Luz,-19.8014,-45.6856,69.35,67,81,3.36,BR,2021-04-03 03:23:22
539,Ous,60.9058,61.5186,30.43,94,100,4.74,RU,2021-04-03 03:23:22
540,Havre-Saint-Pierre,50.2334,-63.5986,28.4,93,90,12.66,CA,2021-04-03 03:23:22
541,Neulengbach,48.1974,15.9022,43.0,65,68,3.0,AT,2021-04-03 03:23:23
542,Vardo,70.3705,31.1107,30.33,76,45,6.64,NO,2021-04-03 03:23:23
543,Amahai,-3.3333,128.9167,87.12,62,96,3.0,ID,2021-04-03 03:23:23
544,Pangai,-19.8,-174.35,86.0,74,75,6.91,TO,2021-04-03 03:16:42
545,Krasnoselkup,65.7,82.4667,20.55,93,100,7.29,RU,2021-04-03 03:23:24
546,Luangwa,-15.6167,30.4167,62.26,87,0,1.25,ZM,2021-04-03 03:23:24
547,Chicama,-7.8447,-79.1469,71.76,77,96,4.99,PE,2021-04-03 03:23:24
548,Nanortalik,60.1432,-45.2371,35.55,99,100,2.37,GL,2021-04-03 03:15:23
549,Lardos,36.0942,28.0157,57.2,82,20,3.44,GR,2021-04-03 03:23:24
550,Goderich,43.7501,-81.7165,28.4,54,56,4.61,CA,2021-04-03 03:23:25
551,Avera,33.194,-82.5271,39.2,75,1,4.7,US,2021-04-03 03:15:56
552,Ouadda,8.0777,22.4007,71.04,44,100,3.06,CF,2021-04-03 03:23:25
553,Mbaiki,3.8678,17.9892,72.7,79,100,1.81,CF,2021-04-03 03:23:25
554,Teya,60.3778,92.6267,30.63,86,100,9.26,RU,2021-04-03 03:23:26
555,Bilma,18.6853,12.9164,68.76,14,4,7.09,NE,2021-04-03 03:15:33
556,Zhanaozen,43.3,52.8,42.96,85,17,10.16,KZ,2021-04-03 03:23:26
557,Lafiagi,8.8667,5.4167,77.79,28,49,3.62,NG,2021-04-03 03:23:26
558,Bekhtery,46.251,32.2927,42.8,93,75,13.42,UA,2021-04-03 03:23:26
559,Laguna,38.421,-121.4238,66.2,48,1,6.91,US,2021-04-03 03:14:15
560,Ngorongoro,-3.2397,35.4875,51.89,95,100,3.36,TZ,2021-04-03 03:23:27
561,Linxia,35.6003,103.2064,37.35,95,100,2.59,CN,2021-04-03 03:23:27
562,Tiarei,-17.5333,-149.3333,80.6,74,75,4.61,PF,2021-04-03 03:23:10
563,Nouakchott,18.0858,-15.9785,77.0,47,95,17.27,MR,2021-04-03 03:23:27
564,Sur,22.5667,59.5289,85.37,31,7,4.16,OM,2021-04-03 03:20:21
565,Rio Grande,-32.035,-52.0986,67.89,70,52,11.41,BR,2021-04-03 03:20:00
566,Lubao,14.9167,120.55,91.4,49,75,2.3,PH,2021-04-03 03:23:28
567,Kenora,49.8167,-94.4337,44.6,49,40,3.44,CA,2021-04-03 03:23:28
568,Lerwick,60.1545,-1.1494,42.8,70,90,9.22,GB,2021-04-03 03:23:28
569,Sambava,-14.2667,50.1667,74.68,88,32,9.28,MG,2021-04-03 03:15:14
570,Waddan,29.1614,16.139,62.69,29,0,6.17,LY,2021-04-03 03:20:41
571,Srandakan,-7.9386,110.2506,87.53,55,18,1.61,ID,2021-04-03 03:23:29
572,Bayji,34.9311,43.487,51.87,64,33,18.16,IQ,2021-04-03 03:23:30
573,Rincon,32.296,-81.2354,41.0,70,1,4.63,US,2021-04-03 03:14:35
574,Shache,38.4167,77.2406,44.76,54,6,2.68,CN,2021-04-03 03:23:31
